﻿<?xml version="1.0" encoding="utf-8" standalone="no" ?>
<placeable type="buyingStation" xmlns:xsi="http://www.w3.org/2001/XMLSchema-instance" xsi:noNamespaceSchemaLocation="https://validation.gdn.giants-software.com/xml/fs22/1.2.0.0/placeable.xsd">
    <storeData>
        <name>$l10n_name_multifillingstation_Gold</name>
        <functions>
            <function>$l10n_function_multifillingstation</function>
            <function>$l10n_function_EDGELights</function>
            <function>$l10n_function_EDGEBox</function>
        </functions>
        <image>store/StorePictureGold.dds</image>
        <boughtWithFarmland>true</boughtWithFarmland>
        <canBeSold>true</canBeSold>
        <showInStore>true</showInStore>
        <price>10000</price>
        <lifetime>1000</lifetime>
        <dailyUpkeep>0</dailyUpkeep>
        <rotation>0</rotation>
        <brand>EDGE</brand>
        <species>placeable</species>
        <category>placeableMisc</category>
		<brush>
			<type>placeable</type>
			<category>buildings</category>
			<tab>tools</tab>
		</brush>
    </storeData>
    <placeableType>buyingStation</placeableType>
    <base>
		<filename>data/MultiFillingStationGold.i3d</filename>
		<canBeRenamed>true</canBeRenamed>
	</base>
    <placement testSizeX="6" testSizeZ="9.5" sizeX="6" sizeZ="9.5" useRandomYRotation="false" useManualYRotation="true"/>
    <lights>
    	<realLights>
    		<low>
    			<light node="lightLow00" groupIndex="1"/>
    			<light node="lightLow00" groupIndex="1"/>
    		</low>
    		<high>
    			<light node="lightHigh00" groupIndex="1"/>
    			<light node="lightHigh01" groupIndex="1"/>
    		</high>
    	</realLights>
    		<group name="$l10n_action_lightAuto" activateTime="17:30" deactivateTime="8:20"/>
    </lights>
    <clearAreas>
        <levelArea startNode="start_0" widthNode="width_0" heightNode="height_0"/>
        <clearArea startNode="start_1" widthNode="width_1" heightNode="height_1"/>
    </clearAreas>
    <leveling requireLeveling="true" maxSmoothDistance="5" maxSlope="30" maxEdgeAngle="20">
        <levelAreas>
            <levelArea startNode="start_0" widthNode="width_0" heightNode="height_0"/>
            <clearArea startNode="start_1" widthNode="width_1" heightNode="height_1"/>
        </levelAreas>
    </leveling>
    <!-- <seasons>
        <maskAreas>
            <maskArea startNode="Start01" widthNode="Width" heightNode="Height"/>
        </maskAreas>
    </seasons> -->
    <animatedObjects>
        <animatedObject saveId="switch_01" >
            <animation duration="0.1">
                <part node="lever_0">
                    <keyFrame time="0.0" rotation="90 0 0"/>
                    <keyFrame time="1.0" rotation="-51 0 0"/>
                </part>
                <part node="col_2">
                    <keyFrame time="0.0" visibility="true"/>
					<keyFrame time="1" visibility="false" />
                </part>
                <part node="illum_0">
                    <keyFrame time="0.0" visibility="true"/>
                    <keyFrame time="1.0" visibility="false"/>
                </part>
                <part node="illum_1">
                    <keyFrame time="0.0" visibility="true"/>
                    <keyFrame time="1.0" visibility="false"/>
                </part>
                <part node="illum_2">
                    <keyFrame time="0.0" visibility="false"/>
                    <keyFrame time="1.0" visibility="true"/>
                </part>
            </animation>
            <controls triggerNode="playerTrigger_0" posAction="ACTIVATE_HANDTOOL" posText="action_lightOn" negText="naction_lightOff" />
            <sounds>
                <moving file="$data/sounds/player/flashlight/flashlight.ogg" loops="1" linkNode="lightswitch01" volume="0.8" radius="25" innerRadius="3" fadeOut="0.25"/>
            </sounds>
        </animatedObject>
		<animatedObject saveId="switch_02">
            <animation duration="0.5">
                <part node="lever_1">
					<keyFrame time="0.0" rotation="90 0 0"/>
					<keyFrame time="1.0" rotation="-51 0 0"/>
				</part>
				<part node="triggerIcons_Load">
                    <keyFrame time="0.0" visibility="true" />
                    <keyFrame time="1.0" visibility="false" />
                </part>
				<part node="switchBox_marker">
                    <keyFrame time="0.0" visibility="true" />
                    <keyFrame time="1.0" visibility="false" />
                </part>
                <part node="illum_3">
                    <keyFrame time="0.0" visibility="true"/>
                    <keyFrame time="1.0" visibility="false"/>
                </part>
                <part node="illum_4">
                    <keyFrame time="0.0" visibility="false"/>
                    <keyFrame time="1.0" visibility="true"/>
                </part>
            </animation>
            <controls triggerNode="playerTrigger_1" posAction="ACTIVATE_HANDTOOL" posText="action_turnOffIcon" negText="action_turnOnIcon"/>
            <sounds>
                <moving file="$data/sounds/player/flashlight/flashlight.ogg" loops="1" linkNode="lightswitch_0" volume="0.8" radius="25" innerRadius="3" fadeOut="0.25"/>
            </sounds>
        </animatedObject>
        <animatedObject saveId="switch_03" >
            <animation duration="0.1">
                <part node="lever_2">
                    <keyFrame time="0.0" rotation="-51 0 0"/>
                    <keyFrame time="1.0" rotation="90 0 0"/>
                </part>
                <part node="light">
                    <keyFrame time="0.0" visibility="false"/>
					<keyFrame time="1" visibility="true" />
                </part>
                <part node="illum_5">
                    <keyFrame time="0.0" visibility="false"/>
                    <keyFrame time="1.0" visibility="true"/>
                </part>
                <part node="illum_6">
                    <keyFrame time="0.0" visibility="true"/>
                    <keyFrame time="1.0" visibility="false"/>
                </part>
            </animation>
            <controls triggerNode="playerTrigger_2" posAction="ACTIVATE_HANDTOOL" posText="action_toggleFillmark_on" negText="action_toggleFillmark_off" />
            <sounds>
                <moving file="$data/sounds/player/flashlight/flashlight.ogg" loops="1" linkNode="lightswitch_1" volume="0.8" radius="25" innerRadius="3" fadeOut="0.25"/>
            </sounds>
        </animatedObject>
        <animatedObject saveId="switch_04">
            <animation duration="0.5">
                <part node="lever_3">
                    <keyFrame time="0.0" rotation="-51 0 0"/>
                    <keyFrame time="1.0" rotation="90 0 0"/>
                </part>
                <part node="warningStripes">
                    <keyFrame time="0.0" visibility="false"/>
                    <keyFrame time="1.0" visibility="true"/>
                </part>
                <part node="illum_7">
                    <keyFrame time="0.0" visibility="false"/>
                    <keyFrame time="1.0" visibility="true"/>
                </part>
                <part node="illum_8">
                    <keyFrame time="0.0" visibility="true"/>
                    <keyFrame time="1.0" visibility="false"/>
                </part>
            </animation>
            <controls triggerNode="playerTrigger_3" posAction="ACTIVATE_HANDTOOL" posText="action_turnOnMarking" negText="action_turnOffMarking"/>
            <sounds>
                <moving file="$data/sounds/player/flashlight/flashlight.ogg" loops="1" linkNode="lightswitch_2" volume="0.8" radius="25" innerRadius="3" fadeOut="0.25"/>
            </sounds>
        </animatedObject>
    </animatedObjects>
    <tipOcclusionUpdateArea sizeX="6" sizeZ="9.5"/>
    <ai>
		<updateAreas>
			<updateArea startNode="tipOcclusionAreaStart" endNode="width_2" />
		</updateAreas>
	</ai>
    <weighingStation triggerNode="weighingTrigger">
        <display node="displayNode1" font="DIGIT" mask="00000000.0" alignment="RIGHT" size="0.13" emissiveScale="1" color="0.6 0 0 1" hiddenColor="0.05 0.05 0.05 1"/>
    </weighingStation>
    <buyingStation stationName="$l10n_GrainExpressGold" appearsOnPDA="true" storageRadius="0" fillSoundIdentifier="fillSound01" showHotspotText="false">
        <loadTrigger triggerNode="loadingTrigger" fillLitersPerSecond="2000" infiniteCapacity="true" dischargeNode="dischargeNode">
            <effectNode effectClass="PipeEffect" effectNode="pipeEffect" materialType="pipe" materialTypeId="1" fadeTime="0.5" maxBending="0" controlPoint="3.75 0 0 0"/>
            <effectNode effectNode="pipeEffectSmoke" materialType="smoke" materialTypeId="1" fadeTime="0.5"/>
        </loadTrigger>
        <fillType name="seeds"              priceScale="1.1"/>
        <fillType name="lime"               priceScale="1.1"/>
        <fillType name="liquidFertilizer"   priceScale="1.10"/>
        <fillType name="Fertilizer"         priceScale="1.10"/>
        <fillType name="herbicide"          priceScale="1.10"/>
        <fillType name="manure"             priceScale="1.10"/>
        <fillType name="wheat"              priceScale="1.15"/>
        <fillType name="barley"             priceScale="1.15"/>
        <fillType name="canola"             priceScale="1.15"/>
        <fillType name="sunflower"          priceScale="1.15"/>
        <fillType name="soybean"            priceScale="1.15"/>
        <fillType name="maize"              priceScale="1.15"/>
        <fillType name="potato"             priceScale="1.15"/>
        <fillType name="sugarBeet"          priceScale="1.15"/>
        <fillType name="grass"              priceScale="1.1"/>
        <fillType name="oilseedRadish"      priceScale="1.1"/>
        <fillType name="oat"                priceScale="1.15"/>
        <fillType name="rye"                priceScale="1.15"/>
        <fillType name="spelt"              priceScale="1.15"/>
        <fillType name="triticale"          priceScale="1.10"/>
        <fillType name="millet"             priceScale="1.10"/>
        <fillType name="sorghum"            priceScale="1.10"/>
        <fillType name="carrot"             priceScale="1.10"/>
        <fillType name="onion"              priceScale="1.10"/>
        <fillType name="lettuce"            priceScale="1.10"/>
        <fillType name="redCabbage"         priceScale="1.10"/>
        <fillType name="cabbage"            priceScale="1.10"/>
        <fillType name="hops"               priceScale="1.10"/>
        <fillType name="sugarCane"          priceScale="1.15"/>
        <fillType name="poppy"              priceScale="1.15"/>
        <fillType name="poppyFlower"        priceScale="1.15"/>
        <fillType name="hemp"               priceScale="1.15"/>
        <fillType name="cotton"             priceScale="1.15"/>
        <fillType name="silage"             priceScale="1.10"/>
        <fillType name="forage"             priceScale="1.10"/>
        <fillType name="pigfood"            priceScale="1.10"/>
        <fillType name="woodchips"          priceScale="1.15"/>
        <fillType name="tarp"               priceScale="1.10"/>
        <fillType name="cowfood"            priceScale="1.10"/>
        <fillType name="liquidmanure"       priceScale="1.10"/>
        <fillType name="slurry"             priceScale="1.10"/>
        <fillType name="straw"              priceScale="1.10"/>
        <fillType name="grass"              priceScale="1.10"/>
        <fillType name="drygrass_windrow"   priceScale="1.10"/>
        <fillType name="haypellets"         priceScale="1.10"/>
        <fillType name="strawpellets"       priceScale="1.10"/>
        <fillType name="milk"               priceScale="1.10"/>
        <fillType name="grass_windrow"      priceScale="1.10"/>
        <fillType name="compost"            priceScale="1.10"/>
        <fillType name="digestate"          priceScale="1.10"/>
        <fillType name="chaff"              priceScale="1.10"/>
        <fillType name="sugar"              priceScale="1.15"/>
        <fillType name="water"              priceScale="1.0"/>
        <fillType name="salt"               priceScale="1.0"/>
        <fillType name="grape"              priceScale="1.15"/>
        <fillType name="OLIVE"              priceScale="1.15"/>
        <fillType name="SUGARBEET_CUT"      priceScale="1.15"/>
        <fillType name="ELECTRICCHARGE"     priceScale="1.15"/>
        <fillType name="METHANE"            priceScale="1.15"/>
        <fillType name="ROADSALT"           priceScale="1.15"/>
        <fillType name="FLOUR"              priceScale="1.15"/>
        <fillType name="BREAD"              priceScale="1.15"/>
        <fillType name="CAKE"               priceScale="1.15"/>
        <fillType name="BUTTER"             priceScale="1.15"/>
        <fillType name="CHEESE"             priceScale="1.15"/>
        <fillType name="FABRIC"             priceScale="1.15"/>
        <fillType name="CLOTHES"            priceScale="1.15"/>
        <fillType name="SUGAR"              priceScale="1.15"/>
        <fillType name="HONEY"              priceScale="1.15"/>
        <fillType name="CEREAL"             priceScale="1.15"/>
        <fillType name="SUNFLOWER_OIL"      priceScale="1.15"/>
        <fillType name="CANOLA_OIL"         priceScale="1.15"/>
        <fillType name="OLIVE_OIL"          priceScale="1.15"/>
        <fillType name="RAISINS"            priceScale="1.15"/>
        <fillType name="GRAPEJUICE"         priceScale="1.15"/>
        <fillType name="LETTUCE"            priceScale="1.15"/>
        <fillType name="TOMATO"             priceScale="1.15"/>
        <fillType name="STRAWBERRY"         priceScale="1.15"/>
        <fillType name="CHOCOLATE"          priceScale="1.15"/>
        <fillType name="BOARDS"             priceScale="1.15"/>
        <fillType name="FURNITURE"          priceScale="1.15"/>
        <fillType name="SILAGE_ADDITIVE"    priceScale="1.15"/>
        <fillType name="MINERAL_FEED"       priceScale="1.15"/>
        <fillType name="STONE"              priceScale="1.15"/>
            <!-- MAIZE Plus -->
		<fillType name="choppedmaize" 	    priceScale="1.10"/>
		<fillType name="choppedmaize_fermented"   priceScale="1.10"/>
        <fillType name="grass_fermented"    priceScale="1.10"/>
        <fillType name="siloGrass"    	    priceScale="1.10"/>
        <fillType name="ccm"                priceScale="1.10"/>
		<fillType name="ccmraw"             priceScale="1.10"/>
		<fillType name="chaffNew"           priceScale="1.10"/>
		<fillType name="silageNew"          priceScale="1.10"/>
		<fillType name="dryClover_windrow"  priceScale="1.10"/>
		<fillType name="clover_fermented"   priceScale="1.10"/>
		<fillType name="alfalfa_windrow"    priceScale="1.10"/>
		<fillType name="dryAlfalfa_windrow" priceScale="1.10"/>
		<fillType name="alfalfa_fermented"  priceScale="1.10"/>
    </buyingStation>
    <triggerMarkers>
        <triggerMarker node="warningStripesCorner1"/>
        <triggerMarker node="warningStripesCorner2"/>
        <triggerMarker node="warningStripesCorner3"/>
        <triggerMarker node="warningStripesCorner4"/>
        <triggerMarker node="wrench_marker" filename="$data/shared/assets/marker/markerIcons.xml" id="WRENCH" adjustToGround="false" />
    </triggerMarkers>
    <i3dMappings>
        <i3dMapping id="MultiFillingStation" node="0>" />
        <i3dMapping id="logoEDGE" node="0>0" />
        <i3dMapping id="gameplay" node="0>1" />
        <i3dMapping id="OUT" node="0>1|0" />
        <i3dMapping id="loadingStation" node="0>1|0|0" />
        <i3dMapping id="loadingTriggers" node="0>1|0|0|0" />
        <i3dMapping id="loadingTrigger" node="0>1|0|0|0|0" />
        <i3dMapping id="dischargeNode" node="0>1|0|0|0|1" />
        <i3dMapping id="dischargeEffect" node="0>1|0|0|0|2" />
        <i3dMapping id="pipeEffect" node="0>1|0|0|0|2|0" />
        <i3dMapping id="pipeEffectSmoke" node="0>1|0|0|0|2|1" />
        <i3dMapping id="storageFarm" node="0>1|1" />
        <i3dMapping id="mapPosition" node="0>1|2" />
        <i3dMapping id="switchBox00" node="0>1|3" />
        <i3dMapping id="col_0" node="0>1|3|0" />
        <i3dMapping id="switch_01" node="0>1|3|1" />
        <i3dMapping id="playerTrigger_0" node="0>1|3|1|0" />
        <i3dMapping id="lightswitch01" node="0>1|3|1|1" />
        <i3dMapping id="lever_0" node="0>1|3|1|1|0" />
        <i3dMapping id="onButton_0" node="0>1|3|1|1|1" />
        <i3dMapping id="illum_0" node="0>1|3|1|1|1|0" />
        <i3dMapping id="spotLight_0" node="0>1|3|1|1|1|0|0" />
        <i3dMapping id="on_illum_0" node="0>1|3|1|1|1|0|1" />
        <i3dMapping id="autoButton" node="0>1|3|1|1|2" />
        <i3dMapping id="illum_1" node="0>1|3|1|1|2|0" />
        <i3dMapping id="spotLight_1" node="0>1|3|1|1|2|0|0" />
        <i3dMapping id="auto_illum" node="0>1|3|1|1|2|0|1" />
        <i3dMapping id="offButton_0" node="0>1|3|1|1|3" />
        <i3dMapping id="illum_2" node="0>1|3|1|1|3|0" />
        <i3dMapping id="spotLight_2" node="0>1|3|1|1|3|0|0" />
        <i3dMapping id="off_illum_0" node="0>1|3|1|1|3|0|1" />
        <i3dMapping id="switch_02" node="0>1|3|2" />
        <i3dMapping id="playerTrigger_1" node="0>1|3|2|0" />
        <i3dMapping id="lightswitch_0" node="0>1|3|2|1" />
        <i3dMapping id="lever_1" node="0>1|3|2|1|0" />
        <i3dMapping id="onButton_1" node="0>1|3|2|1|1" />
        <i3dMapping id="illum_3" node="0>1|3|2|1|1|0" />
        <i3dMapping id="spotLight_3" node="0>1|3|2|1|1|0|0" />
        <i3dMapping id="on_illum_1" node="0>1|3|2|1|1|0|1" />
        <i3dMapping id="offButton_1" node="0>1|3|2|1|2" />
        <i3dMapping id="illum_4" node="0>1|3|2|1|2|0" />
        <i3dMapping id="spotLight_4" node="0>1|3|2|1|2|0|0" />
        <i3dMapping id="off_illum_1" node="0>1|3|2|1|2|0|1" />
        <i3dMapping id="switch_03" node="0>1|3|3" />
        <i3dMapping id="playerTrigger_2" node="0>1|3|3|0" />
        <i3dMapping id="lightswitch_1" node="0>1|3|3|1" />
        <i3dMapping id="lever_2" node="0>1|3|3|1|0" />
        <i3dMapping id="onButton_2" node="0>1|3|3|1|1" />
        <i3dMapping id="illum_5" node="0>1|3|3|1|1|0" />
        <i3dMapping id="spotLight_5" node="0>1|3|3|1|1|0|0" />
        <i3dMapping id="on_illum_2" node="0>1|3|3|1|1|0|1" />
        <i3dMapping id="offButton_2" node="0>1|3|3|1|2" />
        <i3dMapping id="illum_6" node="0>1|3|3|1|2|0" />
        <i3dMapping id="spotLight_6" node="0>1|3|3|1|2|0|0" />
        <i3dMapping id="off_illum_2" node="0>1|3|3|1|2|0|1" />
        <i3dMapping id="switch_04" node="0>1|3|4" />
        <i3dMapping id="playerTrigger_3" node="0>1|3|4|0" />
        <i3dMapping id="lightswitch_2" node="0>1|3|4|1" />
        <i3dMapping id="lever_3" node="0>1|3|4|1|0" />
        <i3dMapping id="onButton_3" node="0>1|3|4|1|1" />
        <i3dMapping id="illum_7" node="0>1|3|4|1|1|0" />
        <i3dMapping id="spotLight_7" node="0>1|3|4|1|1|0|0" />
        <i3dMapping id="on_illum_3" node="0>1|3|4|1|1|0|1" />
        <i3dMapping id="offButton_3" node="0>1|3|4|1|2" />
        <i3dMapping id="illum_8" node="0>1|3|4|1|2|0" />
        <i3dMapping id="spotLight_8" node="0>1|3|4|1|2|0|0" />
        <i3dMapping id="off_illum_3" node="0>1|3|4|1|2|0|1" />
        <i3dMapping id="sign" node="0>1|3|5" />
        <i3dMapping id="logo" node="0>1|3|5|0" />
        <i3dMapping id="switchBox_marker" node="0>1|3|6" />
        <i3dMapping id="wrench_marker" node="0>1|3|6|0" />
        <i3dMapping id="switchableMark" node="0>1|4" />
        <i3dMapping id="mark" node="0>1|4|0" />
        <i3dMapping id="light" node="0>1|4|0|0" />
        <i3dMapping id="pointLight_0" node="0>1|4|0|0|0" />
        <i3dMapping id="lightMark" node="0>1|4|0|0|1" />
        <i3dMapping id="triggerIcons_Load" node="0>1|5" />
        <i3dMapping id="illum_9" node="0>1|5|0" />
        <i3dMapping id="pointLight_1" node="0>1|5|0|0" />
        <i3dMapping id="MultiFillingStation_vis" node="0>2" />
        <i3dMapping id="farmSiloSmallUnloadingPipe" node="0>2|0" />
        <i3dMapping id="signBack" node="0>2|1" />
        <i3dMapping id="signSeed" node="0>2|1|0" />
        <i3dMapping id="banner" node="0>2|1|1" />
        <i3dMapping id="logoBanner" node="0>2|1|1|0" />
        <i3dMapping id="signRound_0" node="0>2|2" />
        <i3dMapping id="logoRound_0" node="0>2|2|0" />
        <i3dMapping id="industrialHatch" node="0>2|3" />
        <i3dMapping id="col_1" node="0>2|3|0" />
        <i3dMapping id="signRound_1" node="0>2|4" />
        <i3dMapping id="logoRound_1" node="0>2|4|0" />
        <i3dMapping id="areaDefinitions" node="0>3" />
        <i3dMapping id="start_0" node="0>3|0" />
        <i3dMapping id="width_0" node="0>3|0|0" />
        <i3dMapping id="height_0" node="0>3|0|1" />
        <i3dMapping id="snowAreas" node="0>3|1" />
        <i3dMapping id="Start01" node="0>3|1|0" />
        <i3dMapping id="Width" node="0>3|1|0|0" />
        <i3dMapping id="Height" node="0>3|1|0|1" />
        <i3dMapping id="start_1" node="0>3|2" />
        <i3dMapping id="width_1" node="0>3|2|0" />
        <i3dMapping id="height_1" node="0>3|2|1" />
        <i3dMapping id="tipOcclusionAreaStart" node="0>3|3" />
        <i3dMapping id="width_2" node="0>3|3|0" />
        <i3dMapping id="tipCol" node="0>4" />
        <i3dMapping id="floodLight" node="0>5" />
        <i3dMapping id="floodLight_lamp" node="0>5|0" />
        <i3dMapping id="illum_10" node="0>5|0|0" />
        <i3dMapping id="glass_0" node="0>5|0|0|0" />
        <i3dMapping id="lightHigh00" node="0>5|0|0|1" />
        <i3dMapping id="spotLight00" node="0>5|0|0|1|0" />
        <i3dMapping id="lightLow00" node="0>5|0|0|2" />
        <i3dMapping id="spotLight01" node="0>5|0|0|2|0" />
        <i3dMapping id="streetLight" node="0>6" />
        <i3dMapping id="illum_Auto" node="0>6|0" />
        <i3dMapping id="illum_11" node="0>6|0|0" />
        <i3dMapping id="glass_1" node="0>6|0|0|0" />
        <i3dMapping id="lightHigh01" node="0>6|0|0|1" />
        <i3dMapping id="spotLight02" node="0>6|0|0|1|0" />
        <i3dMapping id="lightLow01" node="0>6|0|0|2" />
        <i3dMapping id="spotLight03" node="0>6|0|0|2|0" />
        <i3dMapping id="col_2" node="0>6|1" />
        <i3dMapping id="warningStripes" node="0>7" />
        <i3dMapping id="warningStripesCorner1" node="0>7|0" />
        <i3dMapping id="warningStripesCorner2" node="0>7|1" />
        <i3dMapping id="warningStripesCorner3" node="0>7|2" />
        <i3dMapping id="warningStripesCorner4" node="0>7|3" />
        <i3dMapping id="weighingStation_0" node="0>8" />
        <i3dMapping id="weighingStation_1" node="0>8|0" />
        <i3dMapping id="weighingTrigger" node="0>8|0|0" />
        <i3dMapping id="displayNode1" node="0>8|0|1" />
        <i3dMapping id="visuals" node="0>8|1" />
        <i3dMapping id="winter" node="0>8|1|0" />
        <i3dMapping id="display" node="0>8|1|1" />
        <i3dMapping id="weighingStation_vis" node="0>8|1|2" />
    </i3dMappings>
</placeable>
