﻿<?xml version="1.0" encoding="utf-8" standalone="no" ?>
<modDesc descVersion="64">
    <author>EDGE Gaming</author>
    <version>1.0.0.0</version>
    <iconFilename>icon.png</iconFilename>
    <title><!-- en=English de=German fr=French es=Spanish ru=Russian pl=Polish it=Italian br=Brazilian-Portuguese cs=Chinese(Simplified) ct=Chinese(Traditional) cz=Czech nl=Netherlands hu=Hungary jp=Japanese kr=Korean pt=Portuguese ro=Romanian tr=Turkish -->
        <en>Multi Filling Station</en>
        <de>Multi Kaufstation</de>
        <fr>Station De Remplissage Multiple</fr>
        <es>Estación De Llenado Múltiple</es>
        <ru>Мульти АЗС</ru>
        <pl>Wielo Nadzienie Stacja</pl>
        <it>Stazione Di Riempimento Multiplo</it>
    </title>
    <description>
        <en><![CDATA[Multi Filling station, Here you can buy anything you'd like.
The delivery people take 10%, and 15% on any crop harvest.
The Buildings have automatic lighting.

Warning stripes can be turned on & off with a convenient button.

Price: 10.000€
Size: 6x9.5 Meters

-If you find any bugs or got suggestions for improvment, please dont hesitate to contact us on our Github page at https://github.com/FS19-Mods-By-EDGE/
or Contact EDGEPureGaming on facebook. We have recieved alot of good feedback from here.
We also need help with translations, that can also be done there. (you will ofcourse be credited in the mod.)]]></en>
        <de><![CDATA[Multi Kaufstation. 10% Lieferkosten, 15% auf die Ernte.
Die Gebäude verfügen über eine automatische Beleuchtung.

Warnstreifen können mit einer praktischen Taste ein- und ausgeschaltet werden.

Preis: 10.000€
Größe: 6x9.5 Meter

-Wenn Sie Fehler finden oder Verbesserungsvorschläge haben, zögern Sie bitte nicht, uns auf unserer Github-Seite unter https://github.com/FS19-Mods-By-EDGE/
zu kontaktieren oder EDGEPureGaming auf Facebook zu kontaktieren.
We also need help with translations, that can also be done there. (you will ofcourse be credited in the mod.)]]></de>
        <fr><![CDATA[Station de remplissage multiple, ici, vous pouvez acheter ce que vous voulez.
Les livreurs prennent 10% et 15% de toute récolte.
Les bâtiments ont un éclairage automatique.

Les bandes d'avertissement peuvent être activées et désactivées avec un bouton pratique.

Prix: 10.000€
Taille: 6x9.5 Mètres

-Si vous trouvez des bugs ou avez des suggestions d'amélioration, n'hésitez pas à nous contacter sur notre page Github à https://github.com/FS19-Mods-By-EDGE/
ou Contacter EDGEPureGaming sur facebook.
We also need help with translations, that can also be done there. (you will ofcourse be credited in the mod.)]]></fr>
        <es><![CDATA[Estación de llenado múltiple.
Aquí puede comprar cualquier cosa que desee, la gente de entrega se lleva el 10% y el 15% de cualquier cosecha.
Los edificios tienen iluminación automática.

Las franjas de advertencia se pueden activar y desactivar con un botón conveniente.

Precio: 10.000 €
Tamaño: 6x9.5 Metros

-Si encuentra algún error u obtiene sugerencias de mejora, no dude en contactarnos en nuestra página de Github en https://github.com/FS19-Mods-By-EDGE/
o póngase en contacto con EDGEPureGaming en Facebook.
We also need help with translations, that can also be done there. (you will ofcourse be credited in the mod.)]]></es>
        <ru><![CDATA[Мульти АЗС.
Здесь вы можете купить все, что захотите, люди, занимающиеся доставкой, получают 10% и 15% на любой урожай.
Здания имеют автоматическое освещение.

Предупреждающие полосы можно включать и выключать с помощью удобной кнопки.

Цена: 10.000 €
Размер: 6x9.5 Mетра

-Если вы обнаружите какие-либо ошибки или получите предложения по улучшению, пожалуйста, не стесняйтесь связаться с нами на нашей странице Github по адресу https://github.com/FS19-Mods-By-EDGE/
или связаться с EDGEPureGaming на Facebook.
We also need help with translations, that can also be done there. (you will ofcourse be credited in the mod.)]]></ru>
        <pl><![CDATA[Wielo Nadzienie Stacja.
Tutaj możesz kupić wszystko, co ci się podoba, a doręczyciele biorą 10%, a 15% na dowolne zbiory.
Budynki mają automatyczne oświetlenie.

Paski ostrzegawcze można włączać i wyłączać za pomocą wygodnego przycisku.

Cena: 10.000 €
Rozmiar: 6x9.5 Metrów

-Jeśli znajdziesz jakieś błędy lub masz sugestie dotyczące ulepszeń, nie wahaj się skontaktować z nami na naszej stronie Github pod adresem https://github.com/FS19-Mods-By-EDGE/
lub Skontaktuj się z EDGEPureGaming na Facebooku.
We also need help with translations, that can also be done there. (you will ofcourse be credited in the mod.)]]></pl>
        <it><![CDATA[Stazione di riempimento multiplo, qui puoi acquistare tutto ciò che desideri.
Le persone che effettuano la consegna prendono il 10% e il 15% su qualsiasi raccolto.
Gli edifici hanno illuminazione automatica.

Le strisce di avvertimento possono essere attivate e disattivate con un comodo pulsante.

Prezzo: 10.000 €
Dimensioni: 6x9,5 metri

-Se trovi qualche bug o hai suggerimenti per l'improvvisazione, non esitare a contattarci sulla nostra pagina Github all'indirizzo https://github.com/FS19-Mods-By-EDGE/
o Contatta EDGEPureGaming su Facebook.
We also need help with translations, that can also be done there. (you will ofcourse be credited in the mod.)]]></it>
    </description>
    <multiplayer supported="true"/>
    <storeItems>
        <storeItem xmlFilename="data/MultiFillingStation.xml"/>
        <storeItem xmlFilename="data/MultiFillingStationDark.xml"/>
        <storeItem xmlFilename="data/MultiFillingStationGold.xml"/>
    </storeItems>
    <brands>
        <brand name="EDGE" title="EDGE Industries" image="store/EDGE_Brand_Logo.dds"/>
    </brands>
    <l10n>
        <text name="name_multifillingstation">
            <en>Multi Filling Station</en>
            <de>Multi Kaufstation</de>
            <fr>Station De Remplissage Multiple</fr>
            <es>Estación de Llenado Múltiple</es>
            <ru>Мульти АЗС</ru>
            <pl>Wielo Nadzienie Stacja</pl>
            <it>Stazione di riempimento multiplo</it>
        </text>
        <text name="name_multifillingstation_Black">
            <en>Multi Filling Station Black</en>
            <de>Multi Kaufstation Schwarze</de>
            <fr>Station De Remplissage Multiple noir</fr>
            <es>Estación de llenado múltiple Negra</es>
            <ru>Мульти АЗС Черный</ru>
            <pl>Stacja paliwowa czarna</pl>
            <it>Stazione di riempimento multipla nera</it>
        </text>
        <text name="name_multifillingstation_Gold">
            <en>Multi Filling Station Gold</en>
            <de>Multi Kaufstation Gold</de>
            <fr>Station de remplissage multi or</fr>
            <es>Estación de llenado múltiple Gold</es>
            <ru>Мульти АЗС золото</ru>
            <pl>Stacja Multi Filling złota</pl>
            <it>Multi stazione di riempimento oro</it>
        </text>
        <text name="function_multifillingstation">
            <en>Multi Filling station. Here you can buy anything you'd like, the delivery people take 10%, and 15% on any crop harvest.</en>
            <de>Multi Kaufstation. 10% Lieferkosten, 15% auf die Ernte.</de>
            <fr>FS19 Station de remplissage multiple. ici, vous pouvez acheter ce que vous voulez, les livreurs prennent 10% et 15% de toute récolte.</fr>
            <es>Estación de llenado múltiple. Aquí puede comprar cualquier cosa que desee, la gente de entrega se lleva el 10% y el 15% de cualquier cosecha.</es>
            <ru>Мульти АЗС. Здесь вы можете купить все, что захотите, люди, занимающиеся доставкой, получают 10% и 15% на любой урожай.</ru>
            <pl>Wielo Nadzienie Stacja. Tutaj możesz kupić wszystko, co ci się podoba, a doręczyciele biorą 10%, a 15% na dowolne zbiory.</pl>
            <it>Stazione di riempimento multiplo. Qui puoi acquistare tutto ciò che desideri, gli addetti alla consegna prendono il 10% e il 15% su qualsiasi raccolto.</it>
        </text>
        <text name="function_EDGELights">
            <en>This Building have Automatic Lighting.</en>
            <de>Dieses Gebäude verfügt über eine automatische Beleuchtung.</de>
            <fr>Ce bâtiment a l'éclairage automatique.</fr>
            <es>Este edificio tiene iluminación automática.</es>
            <ru>Это здание имеет автоматическое освещение.</ru>
            <pl>Ten budynek ma automatyczne oświetlenie.</pl>
            <it>Questo edificio ha l'illuminazione automatica.</it>
        </text>
        <text name="function_EDGEBox">
            <en>You can find a switchbox nearby, Check it out.</en>
            <de>Sie finden eine Schaltbox in der Nähe.</de>
            <fr>Vous pouvez trouver une boîte de commutation à proximité, vérifiez-la.</fr>
            <es>Puedes encontrar una caja de interruptores cerca, compruébalo.</es>
            <ru>Рядом можно найти распределительную коробку, зацените.</ru>
            <pl>Możesz znaleźć skrzynkę rozdzielczą w pobliżu, sprawdź to.</pl>
            <it>Puoi trovare un quadro elettrico nelle vicinanze, dai un'occhiata.</it>
        </text>
        <text name="GrainExpress">
            <en>EDGE Grain Express</en>
            <de>EDGE Korn Befüllung</de>
            <fr>EDGE Grain Express</fr>
            <es>EDGE Grano Exprimir</es>
            <ru>EDGE Зерна Экспресс</ru>
            <pl>EDGE Ziarno Wyrazić</pl>
            <it>EDGE Grano Espresso</it>
        </text>
        <text name="GrainExpressBlack">
            <en>EDGE Grain Express Black</en>
            <de>EDGE Korn Schwarz Befüllung</de>
            <fr>EDGE Grain Express Noir</fr>
            <es>EDGE Grano Exprimir Negra</es>
            <ru>EDGE Зерна Экспресс Черный</ru>
            <pl>EDGE Ziarno Wyrazić Czarny</pl>
            <it>EDGE Grano Espresso Nera</it>
        </text>
        <text name="GrainExpressGold">
            <en>EDGE Grain Express Gold</en>
            <de>EDGE Korn Gold Befüllung</de>
            <fr>EDGE Grain Express Or</fr>
            <es>EDGE Grano Exprimir Oro</es>
            <ru>EDGE Зерна Экспресс золото</ru>
            <pl>EDGE Ziarno Wyrazić Złoto</pl>
            <it>EDGE Grano Espresso Oro</it>
        </text>
        <text name="action_turnOnMarking">
            <en>Show warning Stripes</en>
            <de>Eckmarkierungen einblenden</de>
            <fr>Afficher les rayures d'avertissement</fr>
            <es>Mostrar franjas de advertencia</es>
            <ru>Показать предупреждение полосы</ru>
            <pl>Pokaż paski ostrzegawcze</pl>
            <it>Mostra strisce di avviso</it>
        </text>
        <text name="action_turnOffMarking">
            <en>Hide warning Stripes</en>
            <de>Eckmarkierungen ausblenden</de>
            <fr>Masquer les bandes d'avertissement</fr>
            <es>Ocultar rayas de advertencia</es>
            <ru>Скрыть предупреждение полосы</ru>
            <pl>Ukryj paski ostrzegawcze</pl>
            <it>Nascondi le strisce di avvertimento</it>
        </text>
        <text name="action_toggleFillmark_on">
            <en>Show Fillmark</en>
            <de>Füllmarkierung anzeigen</de>
            <fr>Afficher la marque de remplissage</fr>
            <es>Mostrar marca de relleno</es>
            <ru>Показать отметку заполнения</ru>
            <pl>Pokaż znak wypełnienia</pl>
            <it>Mostra segno di riempimento</it>
        </text>
        <text name="action_toggleFillmark_off">
            <en>Hide Fillmark</en>
            <de>Füllmarkierung ausblenden</de>
            <fr>Masquer la marque de remplissage</fr>
            <es>Ocultar marca de relleno</es>
            <ru>Скрыть отметку заполнения</ru>
            <pl>Ukryj znak wypełnienia</pl>
            <it>Nascondi segno di riempimento</it>
        </text>
        <!--<text name="action_turnOnSwitchBox">
            <en>Show Switchbox</en>
            <de>Switchbox anzeigen</de>
            <fr>Afficher Switchbox</fr>
            <es>Mostrar Switchbox</es>
            <ru>Показать Switchbox</ru>
            <pl>Pokaż Switchbox</pl>
            <it>Mostra Switchbox</it>
        </text>
        <text name="action_turnOffSwitchBox">
            <en>Hide Switchbox</en>
            <de>Switchbox ausblenden</de>
            <fr>Masquer la boîte de commutation</fr>
            <es>Ocultar Switchbox</es>
            <ru>Скрыть переключатель</ru>
            <pl>Ukryj Switchbox</pl>
            <it>Nascondi Switchbox</it>
        </text>-->
        <text name="action_turnOnIcon">
            <en>Show Trigger Icon</en>
            <de>Triggersymbol anzeigen</de>
            <fr>Afficher l'icône de déclenchement</fr>
            <es>Mostrar icono de activador</es>
            <ru>Показать значок триггера</ru>
            <pl>Pokaż ikonę wyzwalacza</pl>
            <it>Mostra icona trigger</it>
        </text>
        <text name="action_turnOffIcon">
            <en>Hide Trigger Icon</en>
            <de>Triggersymbol ausblenden</de>
            <fr>Masquer l'icône du déclencheur</fr>
            <es>Ocultar icono de activador</es>
            <ru>Скрыть значок триггера</ru>
            <pl>Ukryj ikonę wyzwalacza</pl>
            <it>Nascondi icona trigger</it>
        </text>
        <text name="action_lightOn">
            <en>Switch lights on</en>
            <de>Licht anschalten</de>
            <fr>Allumer les lumières</fr>
            <es>Enciende las luces</es>
            <ru>Включите свет</ru>
            <pl>Włącz światła</pl>
            <it>Accendi le luci</it>
        </text>
        <text name="action_lightOff">
            <en>Switch lights off</en>
            <de>Licht ausschalten</de>
            <fr>Éteindre les lumières</fr>
            <es>Apagar las luces</es>
            <ru>Выключить свет</ru>
            <pl>Wyłącz światła</pl>
            <it>Spegnere le luci</it>
        </text>
        <text name="action_lightAuto">
            <en>Set Lights to Auto</en>
            <de>Stellen Sie die Lichter auf Auto</de>
            <fr>Réglez les lumières sur Auto</fr>
            <es>Establecer luces en automático</es>
            <ru>Установите свет на авто</ru>
            <pl>Ustaw światła na Auto</pl>
            <it>Imposta le luci su Auto</it>
        </text>
    </l10n>
    <placeableTypes>
		<type name="easyWeighStation" parent="simplePlaceable" className="Placeable" filename="$dataS/scripts/placeables/Placeable.lua">
			<specialization name="weighingStation" />
			<specialization name="windTurbine" />
			<specialization name="incomePerHour" />
			<specialization name="buyingStation" />
			<specialization name="infoTrigger" />
		</type>
	</placeableTypes>
</modDesc>
